Time,value
5/13/2024 0:00,22270
5/13/2024 0:01,15860
5/13/2024 0:02,20390
5/13/2024 0:03,28418
5/13/2024 0:04,20191
5/13/2024 0:05,26964
5/13/2024 0:06,26284
5/13/2024 0:07,20734
5/13/2024 0:08,21265
5/13/2024 0:09,15466
5/13/2024 0:10,28526
5/13/2024 0:11,19426
5/13/2024 0:12,20578
5/13/2024 0:13,29423
5/13/2024 0:14,26636
5/13/2024 0:15,26363
5/13/2024 0:16,26111
5/13/2024 0:17,23322
5/13/2024 0:18,16685
5/13/2024 0:19,15769
5/13/2024 0:20,25583
5/13/2024 0:21,28803
5/13/2024 0:22,21949
5/13/2024 0:23,17433
5/13/2024 0:24,20311
5/13/2024 0:25,20051
5/13/2024 0:26,21420
5/13/2024 0:27,16184
5/13/2024 0:28,19555
5/13/2024 0:29,18385
5/13/2024 0:30,27309
5/13/2024 0:31,21396
5/13/2024 0:32,28035
5/13/2024 0:33,26096
5/13/2024 0:34,23666
5/13/2024 0:35,24274
5/13/2024 0:36,17558
5/13/2024 0:37,22849
5/13/2024 0:38,17047
5/13/2024 0:39,17747
5/13/2024 0:40,24167
5/13/2024 0:41,24998
5/13/2024 0:42,15189
5/13/2024 0:43,17734
5/13/2024 0:44,18005
5/13/2024 0:45,19658
5/13/2024 0:46,16899
5/13/2024 0:47,22734
5/13/2024 0:48,16267
5/13/2024 0:49,16528
5/13/2024 0:50,26394
5/13/2024 0:51,18556
5/13/2024 0:52,18890
5/13/2024 0:53,23838
5/13/2024 0:54,29356
5/13/2024 0:55,26080
5/13/2024 0:56,29502
5/13/2024 0:57,20393
5/13/2024 0:58,25627
5/13/2024 0:59,23792
5/13/2024 1:00,25555
5/13/2024 1:01,25253
5/13/2024 1:02,23433
5/13/2024 1:03,25233
5/13/2024 1:04,26016
5/13/2024 1:05,22513
5/13/2024 1:06,17612
5/13/2024 1:07,22041
5/13/2024 1:08,24555
5/13/2024 1:09,21235
5/13/2024 1:10,20486
5/13/2024 1:11,22099
5/13/2024 1:12,24670
5/13/2024 1:13,25748
5/13/2024 1:14,15775
5/13/2024 1:15,27206
5/13/2024 1:16,23226
5/13/2024 1:17,29541
5/13/2024 1:18,18152
5/13/2024 1:19,25147
5/13/2024 1:20,16585
5/13/2024 1:21,18943
5/13/2024 1:22,22555
5/13/2024 1:23,18073
5/13/2024 1:24,16021
5/13/2024 1:25,26653
5/13/2024 1:26,25805
5/13/2024 1:27,28417
5/13/2024 1:28,18843
5/13/2024 1:29,22989
5/13/2024 1:30,24692
5/13/2024 1:31,27990
5/13/2024 1:32,29737
5/13/2024 1:33,21873
5/13/2024 1:34,20675
5/13/2024 1:35,15161
5/13/2024 1:36,19297
5/13/2024 1:37,25173
5/13/2024 1:38,15995
5/13/2024 1:39,29605
5/13/2024 1:40,28103
5/13/2024 1:41,26534
5/13/2024 1:42,27743
5/13/2024 1:43,22629
5/13/2024 1:44,26990
5/13/2024 1:45,24467
5/13/2024 1:46,16016
5/13/2024 1:47,22869
5/13/2024 1:48,21439
5/13/2024 1:49,22892
5/13/2024 1:50,21863
5/13/2024 1:51,22916
5/13/2024 1:52,23529
5/13/2024 1:53,15878
5/13/2024 1:54,24268
5/13/2024 1:55,19887
5/13/2024 1:56,27185
5/13/2024 1:57,29552
5/13/2024 1:58,19859
5/13/2024 1:59,21331
5/13/2024 2:00,23571
5/13/2024 2:01,23684
5/13/2024 2:02,22208
5/13/2024 2:03,20276
5/13/2024 2:04,17062
5/13/2024 2:05,27076
5/13/2024 2:06,15064
5/13/2024 2:07,23006
5/13/2024 2:08,17568
5/13/2024 2:09,20463
5/13/2024 2:10,28440
5/13/2024 2:11,17027
5/13/2024 2:12,17695
5/13/2024 2:13,24687
5/13/2024 2:14,20258
5/13/2024 2:15,20618
5/13/2024 2:16,21736
5/13/2024 2:17,15391
5/13/2024 2:18,28986
5/13/2024 2:19,27706
5/13/2024 2:20,29624
5/13/2024 2:21,27666
5/13/2024 2:22,20892
5/13/2024 2:23,18561
5/13/2024 2:24,25470
5/13/2024 2:25,21184
5/13/2024 2:26,18099
5/13/2024 2:27,21278
5/13/2024 2:28,23392
5/13/2024 2:29,29151
5/13/2024 2:30,28067
5/13/2024 2:31,18104
5/13/2024 2:32,22215
5/13/2024 2:33,27790
5/13/2024 2:34,17454
5/13/2024 2:35,26837
5/13/2024 2:36,29039
5/13/2024 2:37,23996
5/13/2024 2:38,29434
5/13/2024 2:39,17731
5/13/2024 2:40,29183
5/13/2024 2:41,25965
5/13/2024 2:42,23154
5/13/2024 2:43,24762
5/13/2024 2:44,20056
5/13/2024 2:45,29948
5/13/2024 2:46,23110
5/13/2024 2:47,28773
5/13/2024 2:48,25882
5/13/2024 2:49,18840
5/13/2024 2:50,16028
5/13/2024 2:51,22385
5/13/2024 2:52,15502
5/13/2024 2:53,21910
5/13/2024 2:54,27685
5/13/2024 2:55,24062
5/13/2024 2:56,21938
5/13/2024 2:57,19488
5/13/2024 2:58,15206
5/13/2024 2:59,20134
5/13/2024 3:00,20977
5/13/2024 3:01,22721
5/13/2024 3:02,22035
5/13/2024 3:03,16484
5/13/2024 3:04,22858
5/13/2024 3:05,15863
5/13/2024 3:06,17790
5/13/2024 3:07,22408
5/13/2024 3:08,23755
5/13/2024 3:09,20116
5/13/2024 3:10,27383
5/13/2024 3:11,21019
5/13/2024 3:12,16757
5/13/2024 3:13,29820
5/13/2024 3:14,22574
5/13/2024 3:15,21374
5/13/2024 3:16,21892
5/13/2024 3:17,16678
5/13/2024 3:18,18242
5/13/2024 3:19,19636
5/13/2024 3:20,16059
5/13/2024 3:21,21668
5/13/2024 3:22,28471
5/13/2024 3:23,24914
5/13/2024 3:24,26506
5/13/2024 3:25,18157
5/13/2024 3:26,20915
5/13/2024 3:27,25817
5/13/2024 3:28,25921
5/13/2024 3:29,29892
5/13/2024 3:30,24789
5/13/2024 3:31,26252
5/13/2024 3:32,17693
5/13/2024 3:33,28083
5/13/2024 3:34,28339
5/13/2024 3:35,28931
5/13/2024 3:36,18627
5/13/2024 3:37,24555
5/13/2024 3:38,25173
5/13/2024 3:39,20450
5/13/2024 3:40,16663
5/13/2024 3:41,24721
5/13/2024 3:42,25230
5/13/2024 3:43,20592
5/13/2024 3:44,26494
5/13/2024 3:45,25429
5/13/2024 3:46,22392
5/13/2024 3:47,28696
5/13/2024 3:48,28688
5/13/2024 3:49,16306
5/13/2024 3:50,27221
5/13/2024 3:51,21776
5/13/2024 3:52,25867
5/13/2024 3:53,28260
5/13/2024 3:54,20864
5/13/2024 3:55,24474
5/13/2024 3:56,22526
5/13/2024 3:57,23901
5/13/2024 3:58,20575
5/13/2024 3:59,20530
5/13/2024 4:00,27936
5/13/2024 4:01,19413
5/13/2024 4:02,18748
5/13/2024 4:03,28545
5/13/2024 4:04,27971
5/13/2024 4:05,15663
5/13/2024 4:06,16998
5/13/2024 4:07,22994
5/13/2024 4:08,26637
5/13/2024 4:09,26935
5/13/2024 4:10,28919
5/13/2024 4:11,16495
5/13/2024 4:12,18304
5/13/2024 4:13,18763
5/13/2024 4:14,20232
5/13/2024 4:15,16853
5/13/2024 4:16,28808
5/13/2024 4:17,21585
5/13/2024 4:18,27851
5/13/2024 4:19,16291
5/13/2024 4:20,18581
5/13/2024 4:21,26649
5/13/2024 4:22,22554
5/13/2024 4:23,22280
5/13/2024 4:24,16636
5/13/2024 4:25,18696
5/13/2024 4:26,26191
5/13/2024 4:27,26344
5/13/2024 4:28,15698
5/13/2024 4:29,25352
5/13/2024 4:30,27289
5/13/2024 4:31,19737
5/13/2024 4:32,29555
5/13/2024 4:33,28877
5/13/2024 4:34,15854
5/13/2024 4:35,23164
5/13/2024 4:36,20855
5/13/2024 4:37,22392
5/13/2024 4:38,21528
5/13/2024 4:39,26666
5/13/2024 4:40,28949
5/13/2024 4:41,20249
5/13/2024 4:42,20172
5/13/2024 4:43,16707
5/13/2024 4:44,25969
5/13/2024 4:45,20791
5/13/2024 4:46,24925
5/13/2024 4:47,20535
5/13/2024 4:48,29582
5/13/2024 4:49,19931
5/13/2024 4:50,18510
5/13/2024 4:51,15202
5/13/2024 4:52,26447
5/13/2024 4:53,19218
5/13/2024 4:54,27688
5/13/2024 4:55,23958
5/13/2024 4:56,19389
5/13/2024 4:57,17327
5/13/2024 4:58,23004
5/13/2024 4:59,17931
5/13/2024 5:00,22777
5/13/2024 5:01,15197
5/13/2024 5:02,22125
5/13/2024 5:03,16930
5/13/2024 5:04,26774
5/13/2024 5:05,21287
5/13/2024 5:06,23800
5/13/2024 5:07,26464
5/13/2024 5:08,24339
5/13/2024 5:09,19282
5/13/2024 5:10,26589
5/13/2024 5:11,17511
5/13/2024 5:12,24986
5/13/2024 5:13,15659
5/13/2024 5:14,17811
5/13/2024 5:15,22098
5/13/2024 5:16,29243
5/13/2024 5:17,21546
5/13/2024 5:18,24561
5/13/2024 5:19,16986
5/13/2024 5:20,28822
5/13/2024 5:21,23338
5/13/2024 5:22,26411
5/13/2024 5:23,17911
5/13/2024 5:24,16734
5/13/2024 5:25,16843
5/13/2024 5:26,23680
5/13/2024 5:27,17976
5/13/2024 5:28,16959
5/13/2024 5:29,20759
5/13/2024 5:30,21694
5/13/2024 5:31,17385
5/13/2024 5:32,26111
5/13/2024 5:33,19736
5/13/2024 5:34,16802
5/13/2024 5:35,23155
5/13/2024 5:36,23120
5/13/2024 5:37,21616
5/13/2024 5:38,29257
5/13/2024 5:39,29486
5/13/2024 5:40,20534
5/13/2024 5:41,19061
5/13/2024 5:42,26561
5/13/2024 5:43,28922
5/13/2024 5:44,15262
5/13/2024 5:45,29075
5/13/2024 5:46,21287
5/13/2024 5:47,29681
5/13/2024 5:48,23815
5/13/2024 5:49,24208
5/13/2024 5:50,26835
5/13/2024 5:51,28168
5/13/2024 5:52,17049
5/13/2024 5:53,20423
5/13/2024 5:54,29589
5/13/2024 5:55,26915
5/13/2024 5:56,19548
5/13/2024 5:57,18108
5/13/2024 5:58,28471
5/13/2024 5:59,27282
5/13/2024 6:00,22158
5/13/2024 6:01,25248
5/13/2024 6:02,22400
5/13/2024 6:03,18170
5/13/2024 6:04,24874
5/13/2024 6:05,17255
5/13/2024 6:06,16154
5/13/2024 6:07,19499
5/13/2024 6:08,21295
5/13/2024 6:09,21197
5/13/2024 6:10,26383
5/13/2024 6:11,24888
5/13/2024 6:12,27183
5/13/2024 6:13,27915
5/13/2024 6:14,27874
5/13/2024 6:15,16648
5/13/2024 6:16,20539
5/13/2024 6:17,24637
5/13/2024 6:18,19199
5/13/2024 6:19,27115
5/13/2024 6:20,23445
5/13/2024 6:21,26375
5/13/2024 6:22,17557
5/13/2024 6:23,20592
5/13/2024 6:24,15098
5/13/2024 6:25,17200
5/13/2024 6:26,29172
5/13/2024 6:27,17961
5/13/2024 6:28,29207
5/13/2024 6:29,19973
5/13/2024 6:30,19433
5/13/2024 6:31,26969
5/13/2024 6:32,17869
5/13/2024 6:33,26426
5/13/2024 6:34,26983
5/13/2024 6:35,15956
5/13/2024 6:36,28992
5/13/2024 6:37,27259
5/13/2024 6:38,23352
5/13/2024 6:39,20699
5/13/2024 6:40,21944
5/13/2024 6:41,19493
5/13/2024 6:42,24492
5/13/2024 6:43,19911
5/13/2024 6:44,18987
5/13/2024 6:45,24719
5/13/2024 6:46,21015
5/13/2024 6:47,28703
5/13/2024 6:48,28446
5/13/2024 6:49,16218
5/13/2024 6:50,19496
5/13/2024 6:51,19735
5/13/2024 6:52,26296
5/13/2024 6:53,25927
5/13/2024 6:54,19555
5/13/2024 6:55,24146
5/13/2024 6:56,23050
5/13/2024 6:57,27757
5/13/2024 6:58,18446
5/13/2024 6:59,16045
5/13/2024 7:00,21893
5/13/2024 7:01,16693
5/13/2024 7:02,29373
5/13/2024 7:03,29565
5/13/2024 7:04,18436
5/13/2024 7:05,23754
5/13/2024 7:06,25677
5/13/2024 7:07,20895
5/13/2024 7:08,18354
5/13/2024 7:09,29362
5/13/2024 7:10,15225
5/13/2024 7:11,19893
5/13/2024 7:12,29619
5/13/2024 7:13,22022
5/13/2024 7:14,24151
5/13/2024 7:15,20600
5/13/2024 7:16,27740
5/13/2024 7:17,26259
5/13/2024 7:18,22996
5/13/2024 7:19,24007
5/13/2024 7:20,27946
5/13/2024 7:21,22683
5/13/2024 7:22,19642
5/13/2024 7:23,28503
5/13/2024 7:24,26312
5/13/2024 7:25,22679
5/13/2024 7:26,23208
5/13/2024 7:27,22339
5/13/2024 7:28,24435
5/13/2024 7:29,17205
5/13/2024 7:30,25716
5/13/2024 7:31,16069
5/13/2024 7:32,18444
5/13/2024 7:33,25757
5/13/2024 7:34,29434
5/13/2024 7:35,29056
5/13/2024 7:36,16060
5/13/2024 7:37,17327
5/13/2024 7:38,18420
5/13/2024 7:39,29832
5/13/2024 7:40,15301
5/13/2024 7:41,27468
5/13/2024 7:42,15606
5/13/2024 7:43,18170
5/13/2024 7:44,15699
5/13/2024 7:45,20088
5/13/2024 7:46,24331
5/13/2024 7:47,15190
5/13/2024 7:48,25492
5/13/2024 7:49,15980
5/13/2024 7:50,17975
5/13/2024 7:51,21102
5/13/2024 7:52,16184
5/13/2024 7:53,18327
5/13/2024 7:54,18394
5/13/2024 7:55,23319
5/13/2024 7:56,25257
5/13/2024 7:57,16816
5/13/2024 7:58,20854
5/13/2024 7:59,21709
5/13/2024 8:00,15569
5/13/2024 8:01,20442
5/13/2024 8:02,16895
5/13/2024 8:03,17733
5/13/2024 8:04,18863
5/13/2024 8:05,27913
5/13/2024 8:06,22455
5/13/2024 8:07,19014
5/13/2024 8:08,26093
5/13/2024 8:09,16686
5/13/2024 8:10,18009
5/13/2024 8:11,22806
5/13/2024 8:12,15154
5/13/2024 8:13,25729
5/13/2024 8:14,16409
5/13/2024 8:15,27249
5/13/2024 8:16,15784
5/13/2024 8:17,26367
5/13/2024 8:18,23096
5/13/2024 8:19,22560
5/13/2024 8:20,27533
5/13/2024 8:21,22343
5/13/2024 8:22,22206
5/13/2024 8:23,20596
5/13/2024 8:24,20801
5/13/2024 8:25,17806
5/13/2024 8:26,15537
5/13/2024 8:27,20986
5/13/2024 8:28,16841
5/13/2024 8:29,28208
5/13/2024 8:30,25647
5/13/2024 8:31,23716
5/13/2024 8:32,21971
5/13/2024 8:33,20625
5/13/2024 8:34,17950
5/13/2024 8:35,22992
5/13/2024 8:36,27323
5/13/2024 8:37,19780
5/13/2024 8:38,27307
5/13/2024 8:39,17368
5/13/2024 8:40,27039
5/13/2024 8:41,21655
5/13/2024 8:42,23173
5/13/2024 8:43,19495
5/13/2024 8:44,25893
5/13/2024 8:45,24163
5/13/2024 8:46,21002
5/13/2024 8:47,21614
5/13/2024 8:48,24358
5/13/2024 8:49,28403
5/13/2024 8:50,28121
5/13/2024 8:51,20919
5/13/2024 8:52,25966
5/13/2024 8:53,25174
5/13/2024 8:54,15853
5/13/2024 8:55,19146
5/13/2024 8:56,26928
5/13/2024 8:57,18769
5/13/2024 8:58,15574
5/13/2024 8:59,26453
5/13/2024 9:00,16148
5/13/2024 9:01,21293
5/13/2024 9:02,21457
5/13/2024 9:03,29905
5/13/2024 9:04,22509
5/13/2024 9:05,29640
5/13/2024 9:06,24907
5/13/2024 9:07,19777
5/13/2024 9:08,28125
5/13/2024 9:09,18854
5/13/2024 9:10,28365
5/13/2024 9:11,17491
5/13/2024 9:12,25852
5/13/2024 9:13,29599
5/13/2024 9:14,18124
5/13/2024 9:15,20691
5/13/2024 9:16,18051
5/13/2024 9:17,15004
5/13/2024 9:18,20222
5/13/2024 9:19,20315
5/13/2024 9:20,19869
5/13/2024 9:21,15876
5/13/2024 9:22,24183
5/13/2024 9:23,22027
5/13/2024 9:24,19142
5/13/2024 9:25,21966
5/13/2024 9:26,22079
5/13/2024 9:27,22987
5/13/2024 9:28,21799
5/13/2024 9:29,27556
5/13/2024 9:30,19465
5/13/2024 9:31,15635
5/13/2024 9:32,28417
5/13/2024 9:33,16693
5/13/2024 9:34,24874
5/13/2024 9:35,19752
5/13/2024 9:36,23311
5/13/2024 9:37,15830
5/13/2024 9:38,29098
5/13/2024 9:39,26867
5/13/2024 9:40,20177
5/13/2024 9:41,29262
5/13/2024 9:42,24561
5/13/2024 9:43,23932
5/13/2024 9:44,23308
5/13/2024 9:45,20949
5/13/2024 9:46,17838
5/13/2024 9:47,16150
5/13/2024 9:48,22560
5/13/2024 9:49,16931
5/13/2024 9:50,24204
5/13/2024 9:51,16664
5/13/2024 9:52,16081
5/13/2024 9:53,27921
5/13/2024 9:54,15512
5/13/2024 9:55,26041
5/13/2024 9:56,28407
5/13/2024 9:57,22805
5/13/2024 9:58,20237
5/13/2024 9:59,15559
5/13/2024 10:00,18672
5/13/2024 10:01,27775
5/13/2024 10:02,22404
5/13/2024 10:03,28184
5/13/2024 10:04,18343
5/13/2024 10:05,28500
5/13/2024 10:06,19070
5/13/2024 10:07,27991
5/13/2024 10:08,24662
5/13/2024 10:09,15580
5/13/2024 10:10,22004
5/13/2024 10:11,25486
5/13/2024 10:12,23130
5/13/2024 10:13,18147
5/13/2024 10:14,19249
5/13/2024 10:15,16679
5/13/2024 10:16,18506
5/13/2024 10:17,28284
5/13/2024 10:18,22253
5/13/2024 10:19,17744
5/13/2024 10:20,26548
5/13/2024 10:21,27237
5/13/2024 10:22,24435
5/13/2024 10:23,20188
5/13/2024 10:24,26310
5/13/2024 10:25,28296
5/13/2024 10:26,17141
5/13/2024 10:27,29061
5/13/2024 10:28,28245
5/13/2024 10:29,26251
5/13/2024 10:30,27740
5/13/2024 10:31,28515
5/13/2024 10:32,26151
5/13/2024 10:33,25457
5/13/2024 10:34,21617
5/13/2024 10:35,17479
5/13/2024 10:36,21484
5/13/2024 10:37,27838
5/13/2024 10:38,24827
5/13/2024 10:39,28600
5/13/2024 10:40,22421
5/13/2024 10:41,24949
5/13/2024 10:42,19452
5/13/2024 10:43,25262
5/13/2024 10:44,20881
5/13/2024 10:45,21665
5/13/2024 10:46,29069
5/13/2024 10:47,17849
5/13/2024 10:48,26443
5/13/2024 10:49,22390
5/13/2024 10:50,21905
5/13/2024 10:51,26922
5/13/2024 10:52,17489
5/13/2024 10:53,24823
5/13/2024 10:54,26008
5/13/2024 10:55,24207
5/13/2024 10:56,24540
5/13/2024 10:57,19611
5/13/2024 10:58,26279
5/13/2024 10:59,17839
5/13/2024 11:00,23527
5/13/2024 11:01,20878
5/13/2024 11:02,29593
5/13/2024 11:03,27784
5/13/2024 11:04,24087
5/13/2024 11:05,21303
5/13/2024 11:06,26738
5/13/2024 11:07,15851
5/13/2024 11:08,16687
5/13/2024 11:09,25123
5/13/2024 11:10,21833
5/13/2024 11:11,26938
5/13/2024 11:12,17427
5/13/2024 11:13,24760
5/13/2024 11:14,19000
5/13/2024 11:15,20052
5/13/2024 11:16,17738
5/13/2024 11:17,26690
5/13/2024 11:18,20732
5/13/2024 11:19,20387
5/13/2024 11:20,23002
5/13/2024 11:21,20536
5/13/2024 11:22,28479
5/13/2024 11:23,18913
5/13/2024 11:24,16066
5/13/2024 11:25,22723
5/13/2024 11:26,19380
5/13/2024 11:27,25636
5/13/2024 11:28,19107
5/13/2024 11:29,20726
5/13/2024 11:30,18373
5/13/2024 11:31,27161
5/13/2024 11:32,25738
5/13/2024 11:33,23945
5/13/2024 11:34,17082
5/13/2024 11:35,25966
5/13/2024 11:36,26088
5/13/2024 11:37,27377
5/13/2024 11:38,23967
5/13/2024 11:39,21748
5/13/2024 11:40,24817
5/13/2024 11:41,26261
5/13/2024 11:42,15417
5/13/2024 11:43,23306
5/13/2024 11:44,23808
5/13/2024 11:45,18974
5/13/2024 11:46,18267
5/13/2024 11:47,15825
5/13/2024 11:48,22668
5/13/2024 11:49,20745
5/13/2024 11:50,24708
5/13/2024 11:51,26338
5/13/2024 11:52,15412
5/13/2024 11:53,22543
5/13/2024 11:54,22587
5/13/2024 11:55,15728
5/13/2024 11:56,26540
5/13/2024 11:57,22164
5/13/2024 11:58,26000
5/13/2024 11:59,23867
5/13/2024 12:00,26657
5/13/2024 12:01,20988
5/13/2024 12:02,17504
5/13/2024 12:03,17967
5/13/2024 12:04,29527
5/13/2024 12:05,17786
5/13/2024 12:06,16122
5/13/2024 12:07,19079
5/13/2024 12:08,16571
5/13/2024 12:09,20073
5/13/2024 12:10,20104
5/13/2024 12:11,17143
5/13/2024 12:12,24879
5/13/2024 12:13,21806
5/13/2024 12:14,22357
5/13/2024 12:15,27324
5/13/2024 12:16,27043
5/13/2024 12:17,18440
5/13/2024 12:18,18766
5/13/2024 12:19,20644
5/13/2024 12:20,25518
5/13/2024 12:21,29552
5/13/2024 12:22,17914
5/13/2024 12:23,19968
5/13/2024 12:24,20917
5/13/2024 12:25,28584
5/13/2024 12:26,27144
5/13/2024 12:27,29397
5/13/2024 12:28,23787
5/13/2024 12:29,29191
5/13/2024 12:30,15728
5/13/2024 12:31,16365
5/13/2024 12:32,19492
5/13/2024 12:33,15698
5/13/2024 12:34,22186
5/13/2024 12:35,29512
5/13/2024 12:36,28923
5/13/2024 12:37,15395
5/13/2024 12:38,29780
5/13/2024 12:39,22400
5/13/2024 12:40,23082
5/13/2024 12:41,19171
5/13/2024 12:42,19360
5/13/2024 12:43,17502
5/13/2024 12:44,25011
5/13/2024 12:45,15717
5/13/2024 12:46,17782
5/13/2024 12:47,19946
5/13/2024 12:48,26769
5/13/2024 12:49,20486
5/13/2024 12:50,23335
5/13/2024 12:51,19980
5/13/2024 12:52,26332
5/13/2024 12:53,22266
5/13/2024 12:54,19491
5/13/2024 12:55,22192
5/13/2024 12:56,26130
5/13/2024 12:57,20588
5/13/2024 12:58,22651
5/13/2024 12:59,18636
5/13/2024 13:00,26414
5/13/2024 13:01,16167
5/13/2024 13:02,25808
5/13/2024 13:03,16062
5/13/2024 13:04,17156
5/13/2024 13:05,22860
5/13/2024 13:06,20161
5/13/2024 13:07,20305
5/13/2024 13:08,26174
5/13/2024 13:09,21541
5/13/2024 13:10,26486
5/13/2024 13:11,19729
5/13/2024 13:12,24348
5/13/2024 13:13,22330
5/13/2024 13:14,20334
5/13/2024 13:15,23924
5/13/2024 13:16,19330
5/13/2024 13:17,23010
5/13/2024 13:18,21801
5/13/2024 13:19,19846
5/13/2024 13:20,21731
5/13/2024 13:21,22241
5/13/2024 13:22,15953
5/13/2024 13:23,17539
5/13/2024 13:24,22056
5/13/2024 13:25,26516
5/13/2024 13:26,26493
5/13/2024 13:27,16542
5/13/2024 13:28,20293
5/13/2024 13:29,28964
5/13/2024 13:30,16191
5/13/2024 13:31,21313
5/13/2024 13:32,28704
5/13/2024 13:33,26185
5/13/2024 13:34,21938
5/13/2024 13:35,17681
5/13/2024 13:36,24409
5/13/2024 13:37,16540
5/13/2024 13:38,21172
5/13/2024 13:39,26428
5/13/2024 13:40,20541
5/13/2024 13:41,25578
5/13/2024 13:42,26911
5/13/2024 13:43,28807
5/13/2024 13:44,24580
5/13/2024 13:45,25048
5/13/2024 13:46,16365
5/13/2024 13:47,23691
5/13/2024 13:48,24872
5/13/2024 13:49,23702
5/13/2024 13:50,22494
5/13/2024 13:51,19312
5/13/2024 13:52,16324
5/13/2024 13:53,24347
5/13/2024 13:54,25019
5/13/2024 13:55,18141
5/13/2024 13:56,22419
5/13/2024 13:57,18486
5/13/2024 13:58,16810
5/13/2024 13:59,21588
5/13/2024 14:00,17923
5/13/2024 14:01,20301
5/13/2024 14:02,25406
5/13/2024 14:03,19186
5/13/2024 14:04,23905
5/13/2024 14:05,20977
5/13/2024 14:06,26794
5/13/2024 14:07,27326
5/13/2024 14:08,26714
5/13/2024 14:09,19268
5/13/2024 14:10,19748
5/13/2024 14:11,19849
5/13/2024 14:12,24435
5/13/2024 14:13,18709
5/13/2024 14:14,24273
5/13/2024 14:15,28971
5/13/2024 14:16,21619
5/13/2024 14:17,23647
5/13/2024 14:18,28116
5/13/2024 14:19,24086
5/13/2024 14:20,24576
5/13/2024 14:21,25150
5/13/2024 14:22,18072
5/13/2024 14:23,21530
5/13/2024 14:24,25188
5/13/2024 14:25,29683
5/13/2024 14:26,27477
5/13/2024 14:27,15504
5/13/2024 14:28,16214
5/13/2024 14:29,16531
5/13/2024 14:30,26632
5/13/2024 14:31,22576
5/13/2024 14:32,15823
5/13/2024 14:33,15928
5/13/2024 14:34,20029
5/13/2024 14:35,28428
5/13/2024 14:36,15133
5/13/2024 14:37,17105
5/13/2024 14:38,18627
5/13/2024 14:39,27972
5/13/2024 14:40,21316
5/13/2024 14:41,16852
5/13/2024 14:42,19910
5/13/2024 14:43,28460
5/13/2024 14:44,19175
5/13/2024 14:45,26125
5/13/2024 14:46,26476
5/13/2024 14:47,27490
5/13/2024 14:48,26003
5/13/2024 14:49,20348
5/13/2024 14:50,28987
5/13/2024 14:51,24442
5/13/2024 14:52,28970
5/13/2024 14:53,28843
5/13/2024 14:54,26704
5/13/2024 14:55,21190
5/13/2024 14:56,16256
5/13/2024 14:57,18376
5/13/2024 14:58,20645
5/13/2024 14:59,28454
5/13/2024 15:00,18486
5/13/2024 15:01,18584
5/13/2024 15:02,24588
5/13/2024 15:03,26829
5/13/2024 15:04,23053
5/13/2024 15:05,18330
5/13/2024 15:06,17703
5/13/2024 15:07,23662
5/13/2024 15:08,23120
5/13/2024 15:09,22114
5/13/2024 15:10,28323
5/13/2024 15:11,16353
5/13/2024 15:12,25975
5/13/2024 15:13,26023
5/13/2024 15:14,20063
5/13/2024 15:15,23549
5/13/2024 15:16,26211
5/13/2024 15:17,22575
5/13/2024 15:18,15667
5/13/2024 15:19,19468
5/13/2024 15:20,28319
5/13/2024 15:21,24337
5/13/2024 15:22,28659
5/13/2024 15:23,21819
5/13/2024 15:24,27377
5/13/2024 15:25,18719
5/13/2024 15:26,17745
5/13/2024 15:27,22483
5/13/2024 15:28,15539
5/13/2024 15:29,25971
5/13/2024 15:30,19964
5/13/2024 15:31,27328
5/13/2024 15:32,19835
5/13/2024 15:33,18775
5/13/2024 15:34,21042
5/13/2024 15:35,29837
5/13/2024 15:36,22102
5/13/2024 15:37,22312
5/13/2024 15:38,20320
5/13/2024 15:39,28216
5/13/2024 15:40,21132
5/13/2024 15:41,22891
5/13/2024 15:42,25700
5/13/2024 15:43,17779
5/13/2024 15:44,15924
5/13/2024 15:45,26148
5/13/2024 15:46,16581
5/13/2024 15:47,22714
5/13/2024 15:48,18324
5/13/2024 15:49,27677
5/13/2024 15:50,20713
5/13/2024 15:51,22026
5/13/2024 15:52,15255
5/13/2024 15:53,19804
5/13/2024 15:54,16838
5/13/2024 15:55,25136
5/13/2024 15:56,29785
5/13/2024 15:57,15009
5/13/2024 15:58,17871
5/13/2024 15:59,23989
5/13/2024 16:00,22409
5/13/2024 16:01,22418
5/13/2024 16:02,28164
5/13/2024 16:03,20124
5/13/2024 16:04,16015
5/13/2024 16:05,25016
5/13/2024 16:06,27661
5/13/2024 16:07,26328
5/13/2024 16:08,17193
5/13/2024 16:09,23415
5/13/2024 16:10,28550
5/13/2024 16:11,29512
5/13/2024 16:12,29090
5/13/2024 16:13,28140
5/13/2024 16:14,22449
5/13/2024 16:15,19158
5/13/2024 16:16,28528
5/13/2024 16:17,18925
5/13/2024 16:18,21970
5/13/2024 16:19,21938
5/13/2024 16:20,19784
5/13/2024 16:21,28772
5/13/2024 16:22,19000
5/13/2024 16:23,16633
5/13/2024 16:24,25344
5/13/2024 16:25,22266
5/13/2024 16:26,23702
5/13/2024 16:27,15384
5/13/2024 16:28,15404
5/13/2024 16:29,23175
5/13/2024 16:30,27805
5/13/2024 16:31,27763
5/13/2024 16:32,17000
5/13/2024 16:33,25948
5/13/2024 16:34,24860
5/13/2024 16:35,20989
5/13/2024 16:36,16460
5/13/2024 16:37,22190
5/13/2024 16:38,22140
5/13/2024 16:39,18636
5/13/2024 16:40,25916
5/13/2024 16:41,19809
5/13/2024 16:42,19178
5/13/2024 16:43,28456
5/13/2024 16:44,22245
5/13/2024 16:45,21600
5/13/2024 16:46,20997
5/13/2024 16:47,17048
5/13/2024 16:48,27338
5/13/2024 16:49,19780
5/13/2024 16:50,15716
5/13/2024 16:51,22939
5/13/2024 16:52,20565
5/13/2024 16:53,19544
5/13/2024 16:54,19976
5/13/2024 16:55,27775
5/13/2024 16:56,25015
5/13/2024 16:57,25273
5/13/2024 16:58,18419
5/13/2024 16:59,29430
5/13/2024 17:00,22239
5/13/2024 17:01,24766
5/13/2024 17:02,29489
5/13/2024 17:03,15249
5/13/2024 17:04,23865
5/13/2024 17:05,27725
5/13/2024 17:06,25357
5/13/2024 17:07,15770
5/13/2024 17:08,27154
5/13/2024 17:09,19363
5/13/2024 17:10,25176
5/13/2024 17:11,16077
5/13/2024 17:12,23427
5/13/2024 17:13,23580
5/13/2024 17:14,26229
5/13/2024 17:15,22901
5/13/2024 17:16,19858
5/13/2024 17:17,25040
5/13/2024 17:18,21544
5/13/2024 17:19,19719
5/13/2024 17:20,17814
5/13/2024 17:21,18374
5/13/2024 17:22,26470
5/13/2024 17:23,16252
5/13/2024 17:24,21996
5/13/2024 17:25,27173
5/13/2024 17:26,19673
5/13/2024 17:27,25314
5/13/2024 17:28,19530
5/13/2024 17:29,25342
5/13/2024 17:30,28051
5/13/2024 17:31,21881
5/13/2024 17:32,21949
5/13/2024 17:33,24521
5/13/2024 17:34,21241
5/13/2024 17:35,23017
5/13/2024 17:36,21941
5/13/2024 17:37,24550
5/13/2024 17:38,22002
5/13/2024 17:39,25674
5/13/2024 17:40,27734
5/13/2024 17:41,25209
5/13/2024 17:42,16331
5/13/2024 17:43,27536
5/13/2024 17:44,19261
5/13/2024 17:45,22648
5/13/2024 17:46,24550
5/13/2024 17:47,20115
5/13/2024 17:48,19637
5/13/2024 17:49,19854
5/13/2024 17:50,18177
5/13/2024 17:51,22730
5/13/2024 17:52,25320
5/13/2024 17:53,17180
5/13/2024 17:54,19892
5/13/2024 17:55,22043
5/13/2024 17:56,15137
5/13/2024 17:57,21327
5/13/2024 17:58,18472
5/13/2024 17:59,20449
5/13/2024 18:00,17832
5/13/2024 18:01,18579
5/13/2024 18:02,20971
5/13/2024 18:03,26223
5/13/2024 18:04,19164
5/13/2024 18:05,25785
5/13/2024 18:06,22941
5/13/2024 18:07,29388
5/13/2024 18:08,20569
5/13/2024 18:09,19300
5/13/2024 18:10,21269
5/13/2024 18:11,18818
5/13/2024 18:12,27330
5/13/2024 18:13,27015
5/13/2024 18:14,27234
5/13/2024 18:15,16906
5/13/2024 18:16,21254
5/13/2024 18:17,15760
5/13/2024 18:18,22830
5/13/2024 18:19,22350
5/13/2024 18:20,21238
5/13/2024 18:21,21090
5/13/2024 18:22,26637
5/13/2024 18:23,21031
5/13/2024 18:24,22687
5/13/2024 18:25,24091
5/13/2024 18:26,27647
5/13/2024 18:27,26139
5/13/2024 18:28,24911
5/13/2024 18:29,23472
5/13/2024 18:30,26458
5/13/2024 18:31,16887
5/13/2024 18:32,18266
5/13/2024 18:33,15666
5/13/2024 18:34,19188
5/13/2024 18:35,15671
5/13/2024 18:36,25161
5/13/2024 18:37,27348
5/13/2024 18:38,21777
5/13/2024 18:39,26314
5/13/2024 18:40,22570
5/13/2024 18:41,22956
5/13/2024 18:42,20124
5/13/2024 18:43,20585
5/13/2024 18:44,27891
5/13/2024 18:45,19777
5/13/2024 18:46,18900
5/13/2024 18:47,21677
5/13/2024 18:48,28716
5/13/2024 18:49,21981
5/13/2024 18:50,29980
5/13/2024 18:51,21376
5/13/2024 18:52,15523
5/13/2024 18:53,17393
5/13/2024 18:54,26309
5/13/2024 18:55,17593
5/13/2024 18:56,25160
5/13/2024 18:57,28389
5/13/2024 18:58,24945
5/13/2024 18:59,29124
5/13/2024 19:00,22240
5/13/2024 19:01,21937
5/13/2024 19:02,25488
5/13/2024 19:03,21190
5/13/2024 19:04,20240
5/13/2024 19:05,25453
5/13/2024 19:06,25478
5/13/2024 19:07,28367
5/13/2024 19:08,21493
5/13/2024 19:09,27394
5/13/2024 19:10,17878
5/13/2024 19:11,19143
5/13/2024 19:12,18644
5/13/2024 19:13,19432
5/13/2024 19:14,28337
5/13/2024 19:15,28568
5/13/2024 19:16,25247
5/13/2024 19:17,27912
5/13/2024 19:18,29178
5/13/2024 19:19,16276
5/13/2024 19:20,20811
5/13/2024 19:21,25958
5/13/2024 19:22,15302
5/13/2024 19:23,15638
5/13/2024 19:24,15055
5/13/2024 19:25,28013
5/13/2024 19:26,23717
5/13/2024 19:27,27761
5/13/2024 19:28,27315
5/13/2024 19:29,23150
5/13/2024 19:30,17125
5/13/2024 19:31,26479
5/13/2024 19:32,15364
5/13/2024 19:33,21809
5/13/2024 19:34,19621
5/13/2024 19:35,28623
5/13/2024 19:36,28170
5/13/2024 19:37,20126
5/13/2024 19:38,20122
5/13/2024 19:39,16646
5/13/2024 19:40,15918
5/13/2024 19:41,17797
5/13/2024 19:42,21506
5/13/2024 19:43,20870
5/13/2024 19:44,16531
5/13/2024 19:45,23172
5/13/2024 19:46,18345
5/13/2024 19:47,22673
5/13/2024 19:48,21949
5/13/2024 19:49,21882
5/13/2024 19:50,16906
5/13/2024 19:51,18086
5/13/2024 19:52,28503
5/13/2024 19:53,23152
5/13/2024 19:54,20750
5/13/2024 19:55,27772
5/13/2024 19:56,25267
5/13/2024 19:57,23905
5/13/2024 19:58,16062
5/13/2024 19:59,16976
5/13/2024 20:00,16296
5/13/2024 20:01,28542
5/13/2024 20:02,21229
5/13/2024 20:03,22641
5/13/2024 20:04,15125
5/13/2024 20:05,19632
5/13/2024 20:06,21288
5/13/2024 20:07,18596
5/13/2024 20:08,26475
5/13/2024 20:09,21168
5/13/2024 20:10,24795
5/13/2024 20:11,22561
5/13/2024 20:12,23258
5/13/2024 20:13,15232
5/13/2024 20:14,25348
5/13/2024 20:15,24361
5/13/2024 20:16,25350
5/13/2024 20:17,21371
5/13/2024 20:18,19206
5/13/2024 20:19,24685
5/13/2024 20:20,29369
5/13/2024 20:21,27910
5/13/2024 20:22,22943
5/13/2024 20:23,27199
5/13/2024 20:24,21891
5/13/2024 20:25,21738
5/13/2024 20:26,17472
5/13/2024 20:27,25852
5/13/2024 20:28,28829
5/13/2024 20:29,17739
5/13/2024 20:30,20401
5/13/2024 20:31,16761
5/13/2024 20:32,26706
5/13/2024 20:33,25167
5/13/2024 20:34,25554
5/13/2024 20:35,15876
5/13/2024 20:36,29277
5/13/2024 20:37,18812
5/13/2024 20:38,26640
5/13/2024 20:39,24504
5/13/2024 20:40,16460
5/13/2024 20:41,25901
5/13/2024 20:42,25516
5/13/2024 20:43,16733
5/13/2024 20:44,16605
5/13/2024 20:45,20622
5/13/2024 20:46,21767
5/13/2024 20:47,25755
5/13/2024 20:48,26613
5/13/2024 20:49,21986
5/13/2024 20:50,18517
5/13/2024 20:51,25589
5/13/2024 20:52,28918
5/13/2024 20:53,18735
5/13/2024 20:54,26062
5/13/2024 20:55,24352
5/13/2024 20:56,28046
5/13/2024 20:57,23434
5/13/2024 20:58,17590
5/13/2024 20:59,16063
5/13/2024 21:00,19324
5/13/2024 21:01,25787
5/13/2024 21:02,24111
5/13/2024 21:03,20342
5/13/2024 21:04,15005
5/13/2024 21:05,22489
5/13/2024 21:06,23659
5/13/2024 21:07,29043
5/13/2024 21:08,27362
5/13/2024 21:09,23195
5/13/2024 21:10,20966
5/13/2024 21:11,23837
5/13/2024 21:12,15117
5/13/2024 21:13,26120
5/13/2024 21:14,28917
5/13/2024 21:15,17551
5/13/2024 21:16,29309
5/13/2024 21:17,28234
5/13/2024 21:18,29909
5/13/2024 21:19,20560
5/13/2024 21:20,19289
5/13/2024 21:21,15846
5/13/2024 21:22,25954
5/13/2024 21:23,28703
5/13/2024 21:24,28746
5/13/2024 21:25,21316
5/13/2024 21:26,28956
5/13/2024 21:27,21469
5/13/2024 21:28,28721
5/13/2024 21:29,24333
5/13/2024 21:30,25002
5/13/2024 21:31,23915
5/13/2024 21:32,15224
5/13/2024 21:33,27819
5/13/2024 21:34,19208
5/13/2024 21:35,21283
5/13/2024 21:36,27846
5/13/2024 21:37,17048
5/13/2024 21:38,21233
5/13/2024 21:39,27941
5/13/2024 21:40,27607
5/13/2024 21:41,24765
5/13/2024 21:42,16828
5/13/2024 21:43,16917
5/13/2024 21:44,19234
5/13/2024 21:45,21988
5/13/2024 21:46,17026
5/13/2024 21:47,29594
5/13/2024 21:48,18744
5/13/2024 21:49,24093
5/13/2024 21:50,27977
5/13/2024 21:51,25231
5/13/2024 21:52,15009
5/13/2024 21:53,15260
5/13/2024 21:54,21038
5/13/2024 21:55,24865
5/13/2024 21:56,17219
5/13/2024 21:57,22041
5/13/2024 21:58,17060
5/13/2024 21:59,20287
5/13/2024 22:00,26905
5/13/2024 22:01,16619
5/13/2024 22:02,23512
5/13/2024 22:03,16342
5/13/2024 22:04,28924
5/13/2024 22:05,25568
5/13/2024 22:06,17832
5/13/2024 22:07,17824
5/13/2024 22:08,16994
5/13/2024 22:09,26150
5/13/2024 22:10,29231
5/13/2024 22:11,25230
5/13/2024 22:12,18490
5/13/2024 22:13,26869
5/13/2024 22:14,24310
5/13/2024 22:15,22984
5/13/2024 22:16,16604
5/13/2024 22:17,29653
5/13/2024 22:18,27219
5/13/2024 22:19,15235
5/13/2024 22:20,25161
5/13/2024 22:21,27621
5/13/2024 22:22,16908
5/13/2024 22:23,23567
5/13/2024 22:24,18530
5/13/2024 22:25,20256
5/13/2024 22:26,17635
5/13/2024 22:27,23162
5/13/2024 22:28,24762
5/13/2024 22:29,17560
5/13/2024 22:30,20415
5/13/2024 22:31,18391
5/13/2024 22:32,26157
5/13/2024 22:33,26835
5/13/2024 22:34,20951
5/13/2024 22:35,20468
5/13/2024 22:36,23007
5/13/2024 22:37,27042
5/13/2024 22:38,24064
5/13/2024 22:39,24444
5/13/2024 22:40,21413
5/13/2024 22:41,29139
5/13/2024 22:42,21941
5/13/2024 22:43,24506
5/13/2024 22:44,19820
5/13/2024 22:45,29340
5/13/2024 22:46,17898
5/13/2024 22:47,22546
5/13/2024 22:48,15077
5/13/2024 22:49,22577
5/13/2024 22:50,25813
5/13/2024 22:51,19227
5/13/2024 22:52,15600
5/13/2024 22:53,29060
5/13/2024 22:54,16065
5/13/2024 22:55,17136
5/13/2024 22:56,25641
5/13/2024 22:57,25535
5/13/2024 22:58,25055
5/13/2024 22:59,24510
5/13/2024 23:00,27903
5/13/2024 23:01,26789
5/13/2024 23:02,21943
5/13/2024 23:03,26954
5/13/2024 23:04,22804
5/13/2024 23:05,21565
5/13/2024 23:06,20984
5/13/2024 23:07,20142
5/13/2024 23:08,19670
5/13/2024 23:09,17190
5/13/2024 23:10,24184
5/13/2024 23:11,17712
5/13/2024 23:12,17192
5/13/2024 23:13,16248
5/13/2024 23:14,26246
5/13/2024 23:15,27790
5/13/2024 23:16,19033
5/13/2024 23:17,16997
5/13/2024 23:18,28108
5/13/2024 23:19,18687
5/13/2024 23:20,25343
5/13/2024 23:21,19018
5/13/2024 23:22,26302
5/13/2024 23:23,16970
5/13/2024 23:24,23389
5/13/2024 23:25,20765
5/13/2024 23:26,25818
5/13/2024 23:27,29726
5/13/2024 23:28,16202
5/13/2024 23:29,23135
5/13/2024 23:30,29889
5/13/2024 23:31,20567
5/13/2024 23:32,22667
5/13/2024 23:33,20742
5/13/2024 23:34,20788
5/13/2024 23:35,20408
5/13/2024 23:36,25227
5/13/2024 23:37,23669
5/13/2024 23:38,24446
5/13/2024 23:39,15922
5/13/2024 23:40,15419
5/13/2024 23:41,17204
5/13/2024 23:42,25789
5/13/2024 23:43,16120
5/13/2024 23:44,26260
5/13/2024 23:45,15950
5/13/2024 23:46,17336
5/13/2024 23:47,20373
5/13/2024 23:48,17243
5/13/2024 23:49,17645
5/13/2024 23:50,25049
5/13/2024 23:51,19612
5/13/2024 23:52,28946
5/13/2024 23:53,16865
5/13/2024 23:54,26104
5/13/2024 23:55,28429
5/13/2024 23:56,26045
5/13/2024 23:57,21028
5/13/2024 23:58,22326
5/13/2024 23:59,28102
